fromE,to,frequency
11,13,2
11,14,1
11,15,3
11,16,3
11,17,1
11,18,2
11,19,3
11,20,1
11,29,1
11,36,1
11,55,4
11,56,4
11,57,3
11,58,2
11,59,4
11,60,4
11,61,1
11,62,3
11,63,3
11,64,2
11,70,2
11,71,2
11,72,5
11,74,3
11,77,4
11,78,4
11,79,2
11,80,2
11,81,2
11,82,2
11,83,1
11,84,1
11,85,4
11,86,2
11,87,2
11,88,3
11,89,2
11,90,1
11,92,3
11,93,1
11,94,1
11,95,2
11,96,1
11,102,1
11,103,1
11,104,1
11,109,1
11,110,2
11,111,1
11,112,1
11,118,3
11,119,2
11,120,1
12,11,2
12,14,1
12,15,1
12,19,2
12,20,1
12,40,1
12,57,1
12,58,2
12,59,1
12,60,1
12,61,1
12,62,2
12,63,2
12,64,1
12,71,1
12,72,1
12,77,1
12,78,1
12,79,1
12,80,1
12,85,1
12,86,1
12,87,1
12,102,1
12,103,1
12,110,1
12,112,1
12,118,1
12,119,1
12,124,1
13,14,4
13,15,3
13,16,4
13,17,3
13,18,11
13,19,13
13,20,2
13,21,1
13,31,1
13,37,1
13,48,1
13,55,9
13,56,5
13,57,10
13,58,16
13,59,14
13,60,11
13,61,9
13,62,10
13,63,12
13,64,9
13,69,1
13,70,12
13,71,9
13,72,9
13,76,2
13,77,6
13,78,11
13,79,8
13,80,3
13,81,8
13,82,1
13,83,1
13,84,2
13,85,6
13,86,2
13,87,8
13,88,5
13,89,4
13,92,1
13,94,2
13,95,2
13,96,5
13,102,3
13,103,1
13,110,6
13,111,7
13,112,1
13,113,1
13,116,1
13,118,8
13,119,10
13,120,1
14,11,1
14,12,2
14,13,4
14,15,17
14,16,3
14,17,1
14,18,10
14,19,13
14,20,10
14,22,1
14,23,1
14,39,1
14,40,2
14,41,1
14,45,1
14,55,8
14,56,3
14,57,18
14,58,28
14,59,27
14,60,13
14,61,13
14,62,25
14,63,28
14,64,15
14,67,1
14,69,5
14,70,19
14,71,22
14,72,18
14,76,1
14,77,14
14,78,15
14,79,22
14,80,13
14,81,13
14,82,3
14,83,1
14,84,1
14,85,12
14,86,7
14,87,17
14,88,18
14,89,6
14,90,2
14,91,2
14,92,2
14,94,2
14,95,7
14,96,7
14,99,1
14,100,1
14,101,1
14,102,8
14,103,4
14,104,7
14,110,14
14,111,11
14,112,8
14,113,1
14,114,1
14,116,1
14,118,15
14,119,17
14,120,4
14,121,1
14,124,1
15,11,2
15,12,2
15,13,5
15,14,14
15,16,3
15,17,1
15,18,9
15,19,16
15,20,12
15,40,1
15,41,1
15,55,10
15,56,6
15,57,17
15,58,21
15,59,25
15,60,18
15,61,17
15,62,24
15,63,21
15,64,15
15,67,2
15,69,5
15,70,20
15,71,20
15,72,22
15,74,1
15,75,2
15,76,1
15,77,14
15,78,17
15,79,18
15,80,14
15,81,14
15,82,1
15,83,2
15,85,15
15,86,5
15,87,14
15,88,11
15,89,7
15,90,1
15,91,2
15,92,2
15,95,6
15,96,4
15,101,1
15,102,8
15,103,6
15,104,6
15,108,1
15,110,10
15,111,13
15,112,9
15,113,1
15,118,13
15,119,18
15,120,5
15,121,1
15,124,1
16,11,5
16,12,3
16,13,6
16,14,3
16,15,2
16,17,2
16,18,3
16,19,9
16,20,2
16,37,1
16,39,1
16,40,2
16,41,1
16,45,4
16,55,5
16,56,3
16,57,6
16,58,7
16,59,8
16,60,3
16,61,6
16,62,9
16,63,7
16,64,5
16,67,1
16,70,7
16,71,8
16,72,8
16,74,1
16,75,2
16,76,1
16,77,6
16,78,5
16,79,7
16,80,3
16,81,7
16,82,3
16,83,3
16,84,2
16,85,4
16,86,2
16,87,7
16,88,5
16,89,7
16,90,1
16,92,1
16,96,2
16,99,1
16,102,3
16,103,1
16,104,1
16,110,7
16,111,4
16,112,3
16,118,7
16,119,8
16,124,1
17,12,1
17,13,3
17,14,1
17,16,1
17,18,5
17,37,1
17,56,2
17,57,2
17,58,2
17,59,3
17,60,1
17,62,1
17,63,2
17,69,1
17,70,3
17,71,2
17,74,1
17,76,1
17,78,2
17,79,1
17,81,1
17,82,1
17,84,1
17,85,1
17,87,1
17,88,2
17,90,1
17,95,1
17,96,1
17,110,1
17,111,1
17,113,1
17,118,2
17,119,3
18,11,3
18,13,12
18,14,3
18,15,4
18,16,4
18,17,3
18,19,9
18,20,2
18,40,1
18,45,2
18,48,1
18,55,6
18,56,7
18,57,9
18,58,9
18,59,17
18,60,11
18,61,7
18,62,10
18,63,11
18,64,7
18,69,2
18,70,14
18,71,9
18,72,8
18,75,1
18,76,2
18,77,3
18,78,12
18,79,10
18,80,6
18,81,9
18,82,1
18,84,3
18,85,6
18,86,3
18,87,4
18,88,5
18,89,3
18,92,1
18,93,1
18,94,4
18,95,3
18,96,1
18,99,2
18,102,4
18,103,2
18,104,5
18,108,1
18,110,7
18,111,7
18,112,3
18,113,1
18,116,1
18,118,8
18,119,12
18,120,1
18,124,1
19,11,5
19,12,2
19,13,10
19,14,10
19,15,11
19,16,7
19,17,1
19,18,11
19,20,11
19,31,1
19,39,1
19,55,7
19,56,7
19,57,13
19,58,15
19,59,19
19,60,15
19,61,15
19,62,17
19,63,16
19,64,8
19,67,1
19,69,1
19,70,17
19,71,17
19,72,16
19,74,2
19,75,2
19,77,9
19,78,14
19,79,14
19,80,10
19,81,12
19,82,4
19,83,4
19,84,1
19,85,9
19,86,4
19,87,11
19,88,8
19,89,9
19,90,1
19,91,3
19,92,3
19,93,1
19,94,1
19,95,2
19,96,3
19,99,1
19,101,1
19,102,6
19,103,3
19,104,5
19,106,1
19,108,1
19,109,2
19,110,8
19,111,11
19,112,5
19,116,1
19,117,1
19,118,7
19,119,14
19,120,4
19,121,1
20,11,2
20,12,2
20,13,2
20,14,9
20,15,12
20,16,3
20,17,1
20,18,7
20,19,12
20,22,1
20,23,1
20,39,1
20,55,7
20,56,8
20,57,11
20,58,14
20,59,14
20,60,12
20,61,13
20,62,16
20,63,16
20,64,14
20,69,3
20,70,15
20,71,11
20,72,11
20,74,2
20,75,1
20,76,1
20,77,8
20,78,14
20,79,12
20,80,9
20,81,12
20,82,3
20,83,1
20,85,9
20,86,5
20,87,14
20,88,10
20,89,8
20,90,2
20,91,1
20,92,1
20,93,1
20,94,3
20,95,7
20,96,4
20,99,1
20,101,1
20,102,5
20,103,2
20,104,6
20,109,1
20,110,6
20,111,12
20,112,2
20,117,1
20,118,10
20,119,13
20,120,5
20,124,1
21,13,1
21,48,1
21,55,1
21,60,1
21,92,1
22,13,1
22,14,1
22,15,1
22,19,1
22,20,1
22,21,1
22,23,1
22,57,1
22,58,1
22,59,1
22,60,1
22,61,1
22,62,1
22,63,1
22,64,1
22,69,1
22,70,1
22,71,1
22,72,1
22,77,1
22,78,1
22,79,1
22,80,1
22,81,1
22,85,1
22,86,1
22,87,1
22,89,1
22,94,1
22,95,1
22,96,1
22,102,1
22,104,1
22,110,1
22,111,1
22,112,1
22,118,1
22,119,1
22,120,1
23,14,1
23,15,1
23,20,1
23,22,1
23,57,1
23,58,1
23,59,1
23,60,1
23,61,1
23,62,1
23,63,1
23,64,1
23,69,1
23,70,1
23,71,1
23,72,1
23,77,1
23,78,1
23,79,1
23,80,1
23,81,1
23,85,1
23,86,1
23,87,1
23,89,1
23,95,1
23,96,1
23,102,1
23,104,1
23,110,1
23,111,1
23,112,1
23,118,1
23,119,1
23,120,1
31,58,1
31,59,1
31,60,1
31,64,1
31,72,1
34,60,1
35,48,1
36,11,1
36,37,1
36,83,1
36,91,1
37,13,2
37,14,1
37,16,1
37,17,2
37,18,2
37,19,1
37,21,1
37,35,1
37,39,1
37,40,1
37,45,1
37,55,1
37,57,3
37,58,2
37,59,4
37,60,1
37,62,1
37,63,1
37,64,1
37,70,3
37,71,1
37,72,1
37,77,2
37,78,4
37,79,1
37,81,1
37,84,1
37,85,2
37,86,1
37,87,1
37,88,2
37,92,1
37,94,2
37,96,2
37,111,1
37,119,2
39,13,1
39,19,1
39,55,1
39,58,1
39,59,1
39,60,2
39,62,1
39,63,2
39,69,1
39,70,3
39,71,1
39,72,2
39,77,1
39,78,2
39,79,1
39,80,2
39,81,1
39,83,1
39,84,1
39,85,1
39,86,1
39,87,1
39,88,1
39,89,1
39,90,1
39,91,1
39,95,2
39,110,1
39,111,1
39,113,1
39,118,2
39,119,2
40,11,2
40,12,1
40,14,1
40,15,1
40,16,4
40,19,1
40,20,1
40,41,2
40,48,1
40,55,2
40,56,1
40,57,3
40,58,2
40,59,3
40,60,3
40,61,2
40,62,3
40,63,3
40,64,3
40,67,1
40,70,3
40,71,2
40,72,3
40,76,1
40,77,2
40,78,1
40,79,1
40,80,1
40,81,2
40,82,1
40,85,1
40,86,1
40,87,1
40,89,2
40,91,1
40,96,1
40,102,1
40,103,1
40,110,1
40,111,2
40,112,1
40,118,1
40,119,1
40,120,1
40,124,1
45,14,1
45,15,1
45,16,1
45,18,1
45,21,1
45,40,1
45,48,1
45,49,1
45,55,2
45,56,2
45,57,3
45,58,4
45,59,3
45,60,3
45,61,2
45,62,5
45,63,6
45,64,1
45,70,4
45,71,2
45,72,4
45,76,1
45,77,4
45,78,3
45,79,3
45,80,2
45,81,2
45,83,2
45,84,2
45,85,1
45,87,1
45,88,3
45,91,2
45,92,2
45,95,1
45,96,1
45,99,1
45,100,1
45,111,1
45,113,1
45,114,1
45,116,1
45,118,2
45,119,1
48,11,1
48,16,1
48,21,1
48,40,1
48,55,1
48,56,1
48,57,1
48,58,1
48,59,1
48,60,1
48,61,1
48,62,1
48,63,1
48,64,1
48,71,1
48,72,1
48,75,1
48,76,1
48,79,1
48,83,1
48,91,1
48,92,1
48,111,1
48,119,1
48,120,1
48,124,1
49,50,1
50,36,1
50,45,1
50,57,1
50,59,1
50,62,1
50,70,1
50,75,1
50,83,1
50,92,1
51,72,1
53,40,1
53,70,1
53,71,1
53,72,1
53,77,1
53,78,1
53,79,1
53,85,1
55,11,2
55,12,1
55,13,4
55,14,9
55,15,5
55,16,6
55,18,8
55,19,6
55,20,4
55,37,1
55,39,1
55,40,5
55,41,2
55,45,1
55,48,2
55,56,7
55,57,12
55,58,14
55,59,23
55,60,17
55,61,11
55,62,13
55,63,15
55,64,10
55,69,3
55,70,14
55,71,10
55,72,13
55,74,2
55,75,1
55,76,1
55,77,10
55,78,12
55,79,12
55,80,13
55,81,8
55,82,4
55,83,2
55,85,8
55,86,4
55,87,14
55,88,9
55,89,7
55,90,3
55,91,3
55,92,1
55,94,2
55,95,3
55,96,4
55,100,1
55,101,1
55,102,3
55,103,1
55,104,4
55,109,1
55,110,9
55,111,9
55,112,5
55,118,9
55,119,13
55,120,5
55,121,1
56,11,5
56,12,1
56,13,6
56,14,4
56,15,5
56,16,5
56,17,1
56,18,9
56,19,9
56,20,7
56,34,1
56,45,3
56,55,14
56,57,14
56,58,14
56,59,18
56,60,14
56,61,9
56,62,17
56,63,16
56,64,10
56,69,2
56,70,14
56,71,16
56,72,15
56,74,1
56,75,2
56,76,2
56,77,8
56,78,11
56,79,11
56,80,11
56,81,9
56,82,3
56,83,1
56,84,1
56,85,5
56,86,4
56,87,13
56,88,11
56,89,6
56,90,1
56,92,1
56,93,1
56,94,1
56,95,7
56,96,3
56,99,1
56,100,1
56,101,1
56,102,6
56,103,2
56,104,6
56,110,11
56,111,11
56,112,5
56,117,2
56,118,12
56,119,15
56,120,4
57,11,5
57,12,3
57,13,7
57,14,11
57,15,15
57,16,14
57,17,1
57,18,12
57,19,17
57,20,13
57,37,1
57,39,1
57,40,2
57,45,4
57,55,13
57,56,9
57,58,47
57,59,60
57,60,30
57,61,38
57,62,66
57,63,54
57,64,24
57,67,1
57,69,9
57,70,49
57,71,36
57,72,36
57,74,2
57,75,3
57,76,1
57,77,27
57,78,35
57,79,32
57,80,20
57,81,28
57,82,3
57,83,2
57,84,2
57,85,24
57,86,10
57,87,35
57,88,35
57,89,15
57,90,4
57,91,5
57,92,4
57,93,1
57,94,6
57,95,12
57,96,10
57,99,1
57,101,1
57,102,8
57,103,3
57,104,8
57,108,1
57,109,1
57,110,25
57,111,21
57,112,9
57,113,1
57,117,1
57,118,36
57,119,34
57,120,8
57,124,1
58,11,7
58,12,2
58,13,17
58,14,21
58,15,22
58,16,11
58,17,4
58,18,19
58,19,19
58,20,13
58,22,1
58,23,1
58,31,1
58,37,1
58,39,2
58,40,1
58,45,5
58,48,1
58,55,22
58,56,15
58,57,53
58,59,89
58,60,50
58,61,39
58,62,66
58,63,78
58,64,44
58,66,2
58,67,1
58,69,11
58,70,63
58,71,60
58,72,55
58,74,5
58,75,9
58,76,6
58,77,28
58,78,47
58,79,45
58,80,35
58,81,49
58,82,11
58,83,8
58,84,5
58,85,29
58,86,16
58,87,38
58,88,40
58,89,26
58,90,7
58,91,6
58,92,7
58,93,2
58,94,7
58,95,20
58,96,9
58,99,2
58,100,1
58,101,1
58,102,14
58,103,8
58,104,15
58,108,2
58,109,2
58,110,23
58,111,35
58,112,14
58,113,3
58,114,1
58,116,4
58,117,3
58,118,35
58,119,35
58,120,13
58,121,1
59,11,9
59,12,2
59,13,14
59,14,21
59,15,20
59,16,8
59,17,3
59,18,18
59,19,29
59,20,14
59,22,1
59,23,1
59,31,1
59,37,3
59,40,5
59,41,2
59,45,4
59,48,2
59,50,1
59,55,20
59,56,14
59,57,60
59,58,73
59,60,61
59,61,37
59,62,60
59,63,58
59,64,40
59,66,2
59,67,2
59,69,14
59,70,68
59,71,58
59,72,62
59,73,1
59,74,2
59,75,7
59,76,5
59,77,35
59,78,56
59,79,53
59,80,34
59,81,48
59,82,8
59,83,10
59,84,4
59,85,33
59,86,14
59,87,44
59,88,35
59,89,29
59,90,7
59,91,5
59,92,9
59,93,1
59,94,9
59,95,27
59,96,14
59,99,2
59,101,2
59,102,10
59,103,4
59,104,9
59,108,1
59,109,2
59,110,26
59,111,31
59,112,11
59,113,1
59,116,4
59,117,3
59,118,35
59,119,37
59,120,9
59,124,1
60,11,4
60,12,1
60,13,8
60,14,9
60,15,8
60,16,4
60,17,1
60,18,12
60,19,12
60,20,5
60,21,1
60,22,1
60,23,1
60,34,1
60,39,1
60,40,2
60,41,1
60,45,5
60,48,2
60,55,19
60,56,10
60,57,24
60,58,33
60,59,50
60,61,24
60,62,25
60,63,32
60,64,19
60,69,9
60,70,41
60,71,33
60,72,46
60,74,1
60,75,1
60,76,1
60,77,22
60,78,32
60,79,32
60,80,31
60,81,32
60,82,4
60,83,4
60,84,2
60,85,28
60,86,6
60,87,23
60,88,20
60,89,21
60,90,3
60,92,1
60,93,1
60,94,7
60,95,14
60,96,7
60,99,1
60,100,1
60,101,2
60,102,8
60,103,3
60,104,6
60,110,17
60,111,17
60,112,5
60,113,2
60,114,1
60,116,2
60,117,1
60,118,18
60,119,20
60,120,2
61,11,4
61,12,2
61,13,8
61,14,11
61,15,11
61,16,8
61,17,1
61,18,10
61,19,17
61,20,9
61,22,1
61,23,1
61,39,2
61,40,3
61,41,1
61,45,2
61,55,13
61,56,8
61,57,32
61,58,33
61,59,31
61,60,21
61,62,40
61,63,29
61,64,21
61,67,2
61,69,8
61,70,28
61,71,31
61,72,25
61,75,2
61,76,2
61,77,16
61,78,21
61,79,21
61,80,14
61,81,13
61,82,1
61,83,2
61,84,3
61,85,13
61,86,8
61,87,15
61,88,21
61,89,8
61,90,3
61,91,2
61,92,3
61,94,3
61,95,9
61,96,5
61,99,2
61,100,1
61,101,1
61,102,11
61,103,6
61,104,10
61,108,1
61,109,1
61,110,18
61,111,19
61,112,9
61,116,1
61,118,19
61,119,23
61,120,9
61,121,2
61,124,2
62,11,6
62,12,3
62,13,15
62,14,17
62,15,17
62,16,10
62,17,1
62,18,14
62,19,19
62,20,10
62,31,1
62,37,1
62,39,3
62,40,3
62,45,2
62,48,1
62,50,1
62,55,26
62,56,14
62,57,73
62,58,68
62,59,75
62,60,35
62,61,43
62,63,63
62,64,35
62,69,6
62,70,55
62,71,52
62,72,35
62,74,1
62,75,3
62,76,6
62,77,24
62,78,40
62,79,39
62,80,23
62,81,28
62,82,6
62,83,1
62,84,5
62,85,24
62,86,11
62,87,35
62,88,48
62,89,21
62,90,4
62,91,5
62,92,2
62,93,3
62,94,5
62,95,17
62,96,10
62,99,1
62,101,1
62,102,9
62,103,4
62,104,14
62,108,1
62,109,1
62,110,25
62,111,25
62,112,12
62,113,2
62,114,1
62,117,1
62,118,33
62,119,37
62,120,9
63,11,4
63,12,2
63,13,18
63,14,21
63,15,21
63,16,8
63,17,2
63,18,22
63,19,24
63,20,15
63,22,1
63,23,1
63,31,1
63,37,1
63,39,4
63,40,5
63,45,5
63,48,1
63,55,22
63,56,19
63,57,56
63,58,80
63,59,78
63,60,53
63,61,43
63,62,68
63,64,42
63,66,1
63,67,1
63,69,8
63,70,54
63,71,46
63,72,43
63,74,3
63,75,6
63,76,6
63,77,27
63,78,51
63,79,42
63,80,30
63,81,40
63,82,7
63,83,4
63,84,3
63,85,25
63,86,15
63,87,40
63,88,36
63,89,25
63,90,5
63,91,4
63,92,7
63,93,2
63,94,7
63,95,22
63,96,15
63,99,3
63,100,2
63,101,1
63,102,13
63,103,5
63,104,12
63,108,1
63,109,3
63,110,27
63,111,33
63,112,13
63,113,4
63,114,1
63,116,3
63,117,2
63,118,36
63,119,39
63,120,12
64,11,1
64,12,2
64,13,10
64,14,10
64,15,12
64,16,5
64,17,1
64,18,8
64,19,9
64,20,9
64,22,1
64,23,1
64,31,1
64,34,1
64,40,1
64,55,11
64,56,8
64,57,17
64,58,33
64,59,31
64,60,21
64,61,22
64,62,27
64,63,28
64,69,5
64,70,28
64,71,29
64,72,27
64,74,2
64,75,2
64,76,1
64,77,18
64,78,23
64,79,24
64,80,17
64,81,13
64,82,3
64,83,2
64,84,2
64,85,20
64,86,6
64,87,23
64,88,17
64,89,10
64,90,4
64,91,2
64,92,1
64,93,1
64,94,5
64,95,11
64,96,6
64,99,1
64,100,1
64,101,2
64,102,8
64,103,2
64,104,5
64,109,2
64,110,11
64,111,17
64,112,8
64,116,1
64,117,1
64,118,14
64,119,13
64,120,6
64,121,1
65,56,1
65,66,1
65,72,1
65,73,2
65,74,1
65,79,1
65,81,1
65,110,1
65,111,1
66,11,1
66,19,1
66,57,1
66,58,2
66,59,2
66,60,2
66,61,1
66,62,1
66,63,1
66,64,1
66,65,1
66,69,2
66,70,2
66,71,2
66,72,1
66,73,1
66,74,2
66,75,1
66,77,2
66,78,2
66,79,1
66,80,2
66,81,3
66,82,1
66,83,1
66,86,2
66,87,1
66,88,1
66,89,1
66,90,1
66,95,1
66,102,1
66,103,1
66,104,1
66,109,1
66,110,3
66,111,3
66,112,1
66,117,1
66,118,2
66,119,1
66,120,1
67,11,1
67,12,1
67,14,2
67,15,2
67,16,1
67,19,2
67,20,1
67,40,1
67,41,1
67,55,1
67,57,1
67,58,2
67,59,2
67,60,2
67,61,2
67,62,1
67,63,1
67,64,1
67,70,2
67,71,2
67,72,2
67,75,1
67,77,2
67,78,2
67,79,1
67,80,2
67,81,2
67,83,1
67,85,2
67,86,2
67,87,2
67,88,1
67,89,1
67,91,1
67,96,1
67,102,1
67,103,2
67,104,1
67,108,1
67,110,1
67,111,1
67,112,2
67,118,1
67,119,1
67,120,1
67,124,1
69,13,1
69,14,4
69,15,3
69,18,2
69,19,2
69,20,1
69,23,1
69,48,2
69,55,2
69,57,7
69,58,5
69,59,11
69,60,7
69,61,8
69,62,7
69,63,6
69,64,6
69,66,1
69,70,13
69,71,8
69,72,8
69,74,1
69,75,1
69,77,10
69,78,11
69,79,7
69,80,5
69,81,7
69,82,1
69,83,1
69,85,6
69,86,1
69,87,8
69,88,4
69,89,2
69,90,2
69,95,3
69,96,3
69,101,1
69,102,2
69,103,2
69,104,3
69,109,1
69,110,3
69,111,6
69,112,4
69,117,1
69,118,6
69,119,8
69,120,1
69,121,1
70,11,6
70,12,2
70,13,11
70,14,13
70,15,14
70,16,7
70,17,2
70,18,15
70,19,13
70,20,9
70,22,1
70,23,1
70,37,2
70,39,5
70,40,6
70,41,1
70,45,4
70,48,1
70,55,20
70,56,11
70,57,52
70,58,57
70,59,82
70,60,41
70,61,32
70,62,58
70,63,46
70,64,32
70,66,1
70,67,1
70,69,18
70,71,72
70,72,62
70,73,1
70,74,3
70,75,3
70,76,10
70,77,54
70,78,81
70,79,74
70,80,39
70,81,47
70,82,7
70,83,8
70,84,6
70,85,51
70,86,17
70,87,61
70,88,42
70,89,23
70,90,4
70,91,6
70,92,9
70,93,2
70,94,9
70,95,25
70,96,13
70,99,1
70,101,2
70,102,13
70,103,4
70,104,8
70,108,1
70,109,1
70,110,32
70,111,39
70,112,10
70,113,2
70,114,1
70,116,4
70,117,2
70,118,46
70,119,40
70,120,6
70,121,1
70,124,3
71,11,4
71,12,3
71,13,15
71,14,12
71,15,12
71,16,10
71,17,3
71,18,15
71,19,16
71,20,9
71,22,1
71,23,1
71,39,2
71,40,1
71,41,1
71,45,3
71,48,2
71,55,17
71,56,11
71,57,42
71,58,48
71,59,60
71,60,37
71,61,28
71,62,44
71,63,42
71,64,37
71,65,1
71,66,1
71,67,1
71,69,6
71,70,67
71,72,59
71,73,1
71,74,3
71,76,1
71,77,47
71,78,53
71,79,79
71,80,35
71,81,36
71,82,7
71,83,2
71,84,2
71,85,45
71,86,11
71,87,57
71,88,33
71,89,25
71,90,2
71,91,4
71,92,2
71,93,1
71,94,5
71,95,9
71,96,11
71,99,1
71,101,1
71,102,12
71,103,1
71,104,7
71,109,2
71,110,21
71,111,29
71,112,10
71,113,2
71,114,3
71,116,1
71,118,23
71,119,31
71,120,8
71,121,1
71,124,3
72,11,5
72,12,1
72,13,7
72,14,8
72,15,14
72,16,6
72,17,1
72,18,9
72,19,11
72,20,8
72,22,1
72,23,1
72,31,1
72,37,1
72,39,3
72,40,5
72,41,1
72,45,3
72,48,1
72,53,1
72,55,13
72,56,8
72,57,23
72,58,38
72,59,61
72,60,41
72,61,20
72,62,26
72,63,30
72,64,30
72,65,1
72,69,9
72,70,56
72,71,54
72,73,1
72,74,1
72,75,4
72,76,3
72,77,43
72,78,50
72,79,57
72,80,43
72,81,39
72,82,7
72,83,8
72,84,3
72,85,43
72,86,12
72,87,29
72,88,24
72,89,24
72,90,2
72,91,7
72,92,5
72,93,1
72,94,4
72,95,13
72,96,11
72,99,1
72,101,1
72,102,8
72,103,5
72,104,4
72,109,1
72,110,17
72,111,19
72,112,8
72,114,1
72,116,2
72,117,1
72,118,15
72,119,26
72,120,6
72,121,1
72,124,1
73,65,1
73,66,1
73,72,1
73,75,2
73,79,1
73,81,1
73,110,2
73,111,1
74,11,1
74,12,1
74,13,1
74,14,1
74,15,1
74,16,1
74,17,1
74,18,1
74,19,2
74,20,2
74,37,1
74,45,1
74,55,1
74,56,2
74,57,2
74,58,2
74,59,2
74,60,3
74,61,2
74,62,2
74,63,2
74,64,2
74,70,2
74,71,2
74,72,4
74,73,2
74,75,1
74,76,1
74,77,1
74,78,2
74,79,2
74,80,1
74,81,2
74,82,2
74,83,3
74,84,1
74,85,2
74,86,1
74,87,2
74,88,2
74,89,2
74,90,1
74,95,1
74,96,1
74,102,1
74,104,1
74,110,2
74,111,2
74,118,2
74,119,2
74,124,1
75,11,2
75,13,1
75,14,2
75,15,2
75,16,3
75,18,2
75,19,2
75,20,1
75,45,1
75,48,1
75,55,1
75,56,1
75,57,3
75,58,6
75,59,9
75,60,5
75,61,2
75,62,5
75,63,4
75,64,2
75,65,1
75,66,2
75,67,1
75,69,2
75,70,5
75,71,3
75,72,7
75,73,3
75,74,3
75,76,3
75,77,2
75,78,4
75,79,4
75,80,5
75,81,8
75,82,2
75,83,16
75,84,4
75,85,3
75,86,4
75,87,5
75,88,3
75,89,2
75,90,6
75,91,7
75,92,10
75,93,2
75,94,1
75,95,2
75,96,2
75,100,1
75,101,1
75,102,2
75,103,2
75,104,2
75,108,1
75,109,2
75,110,4
75,111,4
75,112,1
75,114,1
75,116,2
75,117,2
75,118,3
75,119,3
75,120,2
76,11,1
76,13,3
76,14,2
76,15,1
76,16,2
76,17,1
76,18,3
76,19,1
76,35,1
76,48,1
76,55,2
76,56,1
76,57,2
76,58,3
76,59,7
76,60,2
76,61,2
76,62,4
76,63,5
76,69,1
76,70,8
76,71,4
76,72,4
76,75,3
76,77,5
76,78,5
76,79,3
76,80,2
76,81,6
76,82,1
76,83,3
76,84,4
76,85,5
76,86,1
76,87,4
76,88,2
76,89,2
76,91,2
76,92,6
76,93,1
76,94,1
76,95,2
76,99,1
76,102,2
76,103,1
76,108,1
76,110,1
76,111,5
76,113,1
76,118,4
76,124,1
77,11,3
77,12,2
77,13,5
77,14,11
77,15,13
77,16,3
77,18,4
77,19,11
77,20,6
77,22,1
77,23,1
77,39,1
77,40,1
77,45,3
77,53,1
77,55,6
77,56,5
77,57,20
77,58,24
77,59,31
77,60,21
77,61,17
77,62,26
77,63,24
77,64,18
77,66,2
77,67,1
77,69,6
77,70,47
77,71,36
77,72,42
77,74,1
77,75,3
77,76,2
77,78,52
77,79,47
77,80,27
77,81,20
77,82,3
77,83,7
77,84,3
77,85,46
77,86,9
77,87,33
77,88,22
77,89,7
77,90,1
77,91,4
77,92,4
77,94,6
77,95,10
77,96,6
77,99,2
77,100,1
77,102,8
77,103,5
77,104,8
77,108,1
77,109,1
77,110,19
77,111,17
77,112,7
77,117,1
77,118,19
77,119,19
77,120,4
77,124,2
78,11,5
78,12,3
78,13,8
78,14,16
78,15,15
78,16,10
78,17,1
78,18,21
78,19,21
78,20,13
78,22,1
78,23,1
78,37,3
78,39,5
78,40,6
78,41,1
78,45,5
78,48,1
78,55,17
78,56,8
78,57,45
78,58,46
78,59,67
78,60,34
78,61,33
78,62,51
78,63,46
78,64,33
78,65,1
78,66,1
78,67,2
78,69,17
78,70,90
78,71,60
78,72,69
78,73,2
78,74,2
78,75,5
78,76,4
78,77,71
78,79,83
78,80,42
78,81,40
78,82,6
78,83,4
78,84,5
78,85,70
78,86,22
78,87,45
78,88,41
78,89,25
78,90,2
78,91,3
78,92,3
78,93,1
78,94,8
78,95,22
78,96,12
78,99,2
78,100,1
78,101,1
78,102,14
78,103,5
78,104,10
78,108,2
78,109,2
78,110,24
78,111,27
78,112,14
78,114,1
78,116,2
78,117,1
78,118,32
78,119,35
78,120,10
78,121,2
78,124,1
79,11,4
79,12,4
79,13,13
79,14,16
79,15,16
79,16,8
79,17,3
79,18,11
79,19,18
79,20,10
79,22,1
79,23,1
79,37,1
79,39,1
79,40,3
79,41,2
79,45,2
79,48,1
79,55,15
79,56,6
79,57,26
79,58,44
79,59,56
79,60,37
79,61,22
79,62,36
79,63,39
79,64,34
79,65,1
79,66,1
79,67,1
79,69,12
79,70,83
79,71,94
79,72,69
79,73,1
79,74,1
79,75,4
79,76,2
79,77,46
79,78,79
79,80,45
79,81,36
79,82,8
79,83,5
79,84,5
79,85,49
79,86,13
79,87,59
79,88,37
79,89,25
79,90,4
79,91,5
79,92,5
79,93,1
79,94,6
79,95,14
79,96,8
79,99,2
79,100,2
79,101,1
79,102,14
79,103,5
79,104,11
79,109,1
79,110,18
79,111,25
79,112,11
79,116,3
79,118,26
79,119,28
79,120,11
79,124,3
80,12,1
80,13,5
80,14,6
80,15,9
80,16,3
80,17,1
80,18,5
80,19,9
80,20,7
80,22,1
80,23,1
80,31,1
80,39,1
80,45,3
80,48,1
80,55,6
80,56,7
80,57,22
80,58,23
80,59,39
80,60,22
80,61,13
80,62,21
80,63,20
80,64,22
80,65,1
80,69,4
80,70,46
80,71,38
80,72,39
80,73,1
80,75,2
80,76,1
80,77,28
80,78,40
80,79,41
80,81,19
80,82,4
80,83,2
80,84,1
80,85,32
80,86,11
80,87,30
80,88,29
80,89,14
80,90,2
80,92,2
80,93,3
80,94,6
80,95,15
80,96,9
80,99,1
80,101,1
80,102,7
80,103,5
80,104,10
80,110,10
80,111,16
80,112,7
80,117,2
80,118,18
80,119,19
80,120,5
80,121,1
81,11,4
81,12,2
81,13,6
81,14,13
81,15,16
81,16,9
81,17,2
81,18,12
81,19,13
81,20,14
81,22,1
81,23,1
81,37,1
81,40,3
81,41,2
81,45,3
81,55,15
81,56,9
81,57,24
81,58,39
81,59,50
81,60,35
81,61,18
81,62,26
81,63,35
81,64,15
81,69,8
81,70,48
81,71,35
81,72,56
81,74,3
81,75,3
81,76,3
81,77,27
81,78,33
81,79,36
81,80,28
81,82,11
81,83,8
81,84,3
81,85,30
81,86,9
81,87,28
81,88,21
81,89,37
81,90,5
81,91,6
81,92,9
81,93,1
81,94,6
81,95,15
81,96,13
81,99,2
81,102,10
81,103,6
81,104,7
81,108,1
81,109,1
81,110,14
81,111,18
81,112,11
81,113,2
81,116,2
81,117,1
81,118,16
81,119,19
81,120,8
81,124,1
82,11,2
82,12,1
82,13,3
82,14,4
82,15,2
82,16,3
82,17,1
82,18,4
82,19,2
82,20,3
82,55,5
82,56,5
82,57,7
82,58,8
82,59,8
82,60,10
82,61,3
82,62,6
82,63,4
82,64,4
82,69,5
82,70,9
82,71,9
82,72,9
82,74,2
82,75,4
82,76,1
82,77,9
82,78,7
82,79,7
82,80,8
82,81,14
82,83,4
82,85,6
82,86,4
82,87,6
82,88,7
82,89,11
82,90,8
82,91,4
82,92,1
82,93,1
82,94,1
82,95,3
82,96,5
82,101,1
82,102,3
82,103,1
82,104,2
82,109,1
82,110,4
82,111,5
82,112,3
82,114,3
82,116,1
82,117,1
82,118,5
82,119,7
82,120,3
83,11,3
83,13,1
83,14,4
83,15,2
83,16,5
83,18,2
83,19,4
83,20,1
83,39,1
83,40,1
83,45,4
83,55,3
83,57,5
83,58,9
83,59,11
83,60,8
83,61,2
83,62,4
83,63,7
83,67,1
83,69,1
83,70,9
83,71,5
83,72,18
83,74,5
83,75,15
83,76,1
83,77,6
83,78,9
83,79,6
83,80,5
83,81,14
83,82,4
83,84,12
83,85,3
83,86,2
83,87,4
83,88,2
83,89,8
83,90,9
83,91,24
83,92,19
83,93,5
83,96,1
83,99,1
83,100,1
83,103,1
83,104,1
83,108,2
83,110,1
83,112,1
83,113,1
83,116,2
83,118,1
83,119,1
83,120,1
83,124,2
84,11,2
84,13,2
84,16,2
84,17,1
84,18,3
84,19,2
84,37,1
84,39,2
84,45,1
84,55,1
84,56,1
84,57,5
84,58,7
84,59,9
84,60,2
84,61,4
84,62,5
84,63,7
84,64,3
84,69,1
84,70,6
84,71,4
84,72,6
84,74,1
84,75,4
84,76,5
84,77,5
84,78,8
84,79,4
84,80,5
84,81,7
84,82,1
84,83,16
84,85,4
84,86,1
84,87,3
84,88,4
84,89,2
84,90,4
84,91,4
84,92,14
84,93,4
84,94,1
84,95,1
84,96,1
84,102,2
84,104,1
84,110,1
84,111,3
84,118,3
84,119,4
84,121,1
84,124,3
85,11,2
85,12,1
85,13,1
85,14,11
85,15,9
85,16,3
85,18,9
85,19,8
85,20,8
85,22,1
85,23,1
85,37,1
85,40,1
85,48,2
85,55,9
85,56,2
85,57,19
85,58,20
85,59,28
85,60,19
85,61,12
85,62,17
85,63,22
85,64,20
85,65,1
85,67,1
85,69,7
85,70,35
85,71,34
85,72,30
85,73,1
85,75,3
85,76,2
85,77,43
85,78,48
85,79,35
85,80,23
85,81,16
85,82,2
85,83,4
85,84,3
85,86,13
85,87,25
85,88,19
85,89,8
85,91,4
85,92,2
85,93,1
85,94,4
85,95,12
85,96,7
85,99,1
85,102,7
85,103,3
85,104,5
85,108,2
85,109,1
85,110,12
85,111,19
85,112,6
85,114,2
85,117,1
85,118,16
85,119,15
85,120,5
85,121,1
85,124,1
86,11,1
86,12,1
86,13,3
86,14,7
86,15,3
86,16,2
86,17,1
86,18,3
86,19,2
86,20,2
86,22,1
86,37,1
86,39,2
86,40,2
86,41,1
86,48,1
86,55,3
86,56,1
86,57,8
86,58,11
86,59,12
86,60,9
86,61,8
86,62,9
86,63,14
86,64,6
86,66,1
86,67,1
86,69,3
86,70,14
86,71,14
86,72,8
86,74,2
86,75,2
86,76,1
86,77,11
86,78,12
86,79,10
86,80,9
86,81,9
86,82,4
86,83,2
86,84,2
86,85,12
86,87,13
86,88,9
86,89,8
86,90,2
86,93,2
86,94,6
86,95,6
86,96,8
86,99,1
86,102,3
86,103,1
86,104,1
86,108,1
86,109,1
86,110,6
86,111,8
86,112,4
86,114,2
86,117,1
86,118,10
86,119,10
86,120,3
86,124,1
87,11,1
87,12,2
87,13,6
87,14,9
87,15,6
87,16,6
87,17,2
87,18,9
87,19,5
87,20,8
87,22,1
87,23,1
87,34,1
87,37,1
87,39,3
87,40,3
87,41,1
87,45,3
87,48,1
87,55,14
87,56,4
87,57,24
87,58,34
87,59,45
87,60,28
87,61,17
87,62,32
87,63,30
87,64,20
87,67,1
87,69,8
87,70,56
87,71,53
87,72,33
87,74,1
87,75,3
87,76,1
87,77,33
87,78,39
87,79,49
87,80,28
87,81,26
87,82,5
87,83,2
87,84,1
87,85,30
87,86,18
87,88,36
87,89,20
87,90,3
87,91,2
87,92,2
87,94,11
87,95,22
87,96,15
87,99,2
87,100,1
87,101,1
87,102,9
87,103,3
87,104,3
87,109,1
87,110,21
87,111,22
87,112,7
87,113,1
87,114,1
87,116,1
87,117,4
87,118,27
87,119,26
87,120,7
87,121,1
87,124,1
88,12,1
88,13,4
88,14,6
88,15,6
88,16,7
88,17,2
88,18,6
88,19,6
88,20,4
88,34,1
88,37,2
88,39,2
88,45,3
88,55,6
88,56,8
88,57,33
88,58,32
88,59,38
88,60,25
88,61,21
88,62,32
88,63,31
88,64,21
88,69,3
88,70,45
88,71,37
88,72,29
88,74,1
88,75,1
88,76,3
88,77,28
88,78,32
88,79,35
88,80,27
88,81,18
88,82,2
88,83,1
88,84,2
88,85,20
88,86,9
88,87,32
88,89,12
88,92,2
88,93,1
88,94,3
88,95,12
88,96,7
88,99,2
88,100,1
88,102,9
88,103,3
88,104,5
88,109,1
88,110,20
88,111,25
88,112,5
88,114,1
88,117,2
88,118,26
88,119,24
88,120,4
88,121,1
89,11,4
89,12,2
89,13,6
89,14,6
89,15,6
89,16,2
89,18,5
89,19,10
89,20,8
89,22,1
89,23,1
89,37,1
89,40,2
89,41,2
89,45,1
89,55,8
89,56,5
89,57,11
89,58,20
89,59,28
89,60,17
89,61,10
89,62,16
89,63,17
89,64,12
89,66,1
89,69,5
89,70,25
89,71,20
89,72,33
89,74,1
89,75,1
89,76,1
89,77,17
89,78,22
89,79,19
89,80,14
89,81,34
89,82,7
89,83,4
89,84,2
89,85,18
89,86,8
89,87,16
89,88,9
89,90,3
89,91,3
89,92,4
89,94,4
89,95,8
89,96,10
89,99,1
89,102,3
89,103,2
89,104,3
89,110,6
89,111,10
89,112,6
89,114,2
89,116,1
89,118,7
89,119,12
89,120,2
89,124,1
90,14,2
90,15,1
90,16,2
90,19,2
90,20,2
90,35,1
90,40,1
90,55,1
90,57,3
90,58,4
90,59,5
90,60,4
90,61,1
90,62,4
90,63,3
90,64,2
90,69,2
90,70,6
90,72,6
90,75,3
90,76,1
90,77,2
90,78,3
90,79,3
90,80,5
90,81,8
90,82,6
90,83,6
90,84,2
90,85,2
90,86,1
90,87,4
90,88,3
90,89,2
90,91,5
90,93,2
90,94,1
90,95,1
90,96,1
90,104,1
90,110,1
90,111,2
90,112,2
90,118,4
90,119,1
91,11,2
91,13,1
91,14,1
91,15,2
91,16,6
91,18,1
91,19,4
91,36,1
91,37,2
91,39,2
91,40,1
91,45,3
91,48,1
91,49,1
91,50,1
91,55,4
91,57,5
91,58,5
91,59,6
91,60,5
91,61,4
91,62,8
91,63,5
91,64,3
91,67,1
91,69,1
91,70,5
91,71,6
91,72,10
91,75,8
91,76,2
91,77,4
91,78,4
91,79,5
91,80,5
91,81,5
91,82,2
91,83,18
91,84,5
91,85,3
91,86,1
91,87,3
91,88,4
91,89,3
91,90,10
91,92,15
91,93,2
91,95,1
91,99,1
91,100,1
91,103,1
91,104,2
91,108,2
91,110,1
91,111,2
91,112,1
91,116,1
91,118,3
91,119,3
91,120,2
92,11,1
92,13,1
92,14,2
92,15,2
92,16,1
92,18,2
92,19,3
92,20,1
92,22,1
92,35,1
92,40,1
92,41,1
92,45,3
92,48,1
92,50,1
92,55,2
92,57,4
92,58,3
92,59,13
92,60,3
92,61,2
92,62,4
92,63,3
92,70,8
92,71,5
92,72,9
92,74,1
92,75,7
92,76,3
92,77,5
92,78,9
92,79,6
92,80,4
92,81,10
92,83,18
92,84,13
92,85,3
92,88,2
92,89,3
92,90,4
92,91,7
92,93,3
92,96,1
92,100,1
92,108,1
92,110,2
92,116,4
92,119,2
92,124,3
93,16,1
93,19,1
93,20,1
93,45,1
93,55,1
93,57,1
93,58,1
93,59,2
93,60,2
93,62,2
93,63,2
93,70,2
93,71,2
93,72,1
93,75,2
93,76,2
93,78,1
93,80,2
93,81,1
93,82,1
93,83,6
93,84,2
93,85,1
93,86,1
93,87,2
93,88,2
93,89,1
93,90,1
93,91,1
93,92,3
93,94,1
93,96,1
93,101,1
93,102,1
93,111,1
93,118,1
93,119,1
93,120,1
94,13,2
94,14,4
94,15,3
94,17,2
94,18,3
94,19,1
94,20,2
94,22,1
94,37,1
94,39,1
94,40,1
94,48,1
94,55,3
94,56,1
94,57,5
94,58,8
94,59,9
94,60,5
94,61,4
94,62,7
94,63,4
94,64,7
94,69,2
94,70,8
94,71,5
94,72,6
94,77,8
94,78,9
94,79,6
94,80,5
94,81,7
94,83,1
94,84,2
94,85,8
94,86,8
94,87,10
94,88,6
94,89,4
94,90,1
94,91,1
94,95,5
94,96,4
94,99,1
94,102,1
94,104,2
94,108,1
94,110,1
94,111,6
94,112,1
94,118,4
94,119,4
94,120,2
95,11,1
95,13,1
95,14,3
95,15,3
95,16,1
95,18,3
95,19,4
95,20,7
95,22,1
95,23,1
95,34,1
95,39,2
95,45,1
95,55,6
95,56,5
95,57,15
95,58,17
95,59,26
95,60,14
95,61,12
95,62,15
95,63,16
95,64,12
95,66,1
95,69,6
95,70,25
95,71,16
95,72,18
95,74,2
95,75,1
95,76,2
95,77,16
95,78,26
95,79,18
95,80,13
95,81,14
95,82,3
95,83,2
95,84,1
95,85,16
95,86,7
95,87,22
95,88,14
95,89,8
95,90,1
95,92,1
95,93,2
95,94,5
95,96,13
95,99,2
95,100,1
95,101,2
95,102,6
95,103,1
95,104,5
95,108,1
95,109,2
95,110,8
95,111,8
95,112,4
95,114,1
95,117,3
95,118,17
95,119,13
95,120,8
96,11,1
96,13,5
96,14,5
96,15,5
96,16,3
96,17,2
96,18,5
96,19,7
96,20,5
96,22,1
96,23,1
96,37,2
96,39,1
96,40,2
96,48,1
96,55,6
96,56,3
96,57,18
96,58,12
96,59,19
96,60,11
96,61,6
96,62,17
96,63,14
96,64,9
96,67,1
96,69,4
96,70,17
96,71,15
96,72,17
96,74,1
96,75,1
96,77,13
96,78,18
96,79,16
96,80,8
96,81,14
96,82,4
96,83,1
96,84,2
96,85,11
96,86,8
96,87,13
96,88,14
96,89,8
96,90,1
96,93,1
96,94,6
96,95,10
96,100,1
96,101,2
96,102,4
96,103,1
96,104,3
96,109,1
96,110,12
96,111,13
96,112,3
96,114,1
96,117,1
96,118,18
96,119,17
96,120,4
99,14,1
99,15,1
99,18,1
99,19,1
99,34,1
99,45,1
99,55,3
99,56,1
99,58,1
99,59,2
99,60,2
99,61,1
99,62,2
99,63,1
99,64,1
99,70,1
99,71,1
99,75,1
99,77,1
99,78,1
99,79,1
99,83,1
99,84,1
99,87,1
99,88,1
99,90,1
99,91,1
99,95,1
99,100,2
99,102,1
99,110,1
99,111,1
99,117,1
99,118,1
99,119,1
100,56,1
100,60,1
100,62,1
100,70,1
100,71,1
100,77,1
100,88,1
100,95,1
100,102,1
100,110,1
100,118,1
100,119,1
101,14,1
101,15,1
101,18,1
101,19,1
101,55,1
101,59,1
101,60,1
101,61,1
101,62,1
101,64,1
101,70,1
101,71,1
101,77,1
101,78,1
101,79,1
101,80,1
101,87,1
101,88,1
101,103,1
101,110,1
101,118,1
102,11,3
102,12,1
102,13,4
102,14,5
102,15,5
102,16,5
102,17,1
102,18,9
102,19,8
102,20,4
102,40,1
102,55,8
102,56,7
102,57,14
102,58,12
102,59,11
102,60,11
102,61,11
102,62,14
102,63,16
102,64,8
102,66,1
102,67,1
102,69,4
102,70,16
102,71,16
102,72,10
102,74,1
102,75,2
102,76,3
102,77,8
102,78,15
102,79,8
102,80,10
102,81,12
102,82,3
102,83,1
102,84,2
102,85,6
102,86,6
102,87,15
102,88,11
102,89,6
102,90,1
102,91,1
102,92,2
102,93,1
102,94,1
102,95,5
102,96,4
102,99,1
102,100,1
102,101,1
102,103,6
102,104,5
102,109,3
102,110,19
102,111,19
102,112,3
102,113,2
102,117,3
102,118,14
102,119,19
102,120,3
102,121,1
102,124,1
103,11,2
103,12,1
103,14,2
103,15,5
103,16,1
103,18,1
103,19,1
103,20,2
103,41,1
103,55,3
103,56,1
103,57,4
103,58,6
103,59,4
103,60,4
103,61,3
103,62,3
103,63,5
103,64,3
103,67,1
103,69,2
103,70,1
103,71,6
103,72,3
103,75,1
103,77,4
103,78,4
103,79,1
103,80,3
103,81,3
103,82,1
103,85,4
103,86,4
103,87,4
103,88,3
103,89,1
103,93,1
103,94,1
103,95,2
103,96,2
103,101,1
103,102,5
103,104,2
103,109,1
103,110,4
103,111,5
103,112,1
103,117,1
103,118,4
103,119,3
103,120,1
104,11,2
104,12,1
104,13,3
104,14,9
104,15,8
104,16,2
104,17,2
104,18,6
104,19,5
104,20,6
104,22,1
104,23,1
104,55,6
104,56,4
104,57,11
104,58,11
104,59,12
104,60,8
104,61,10
104,62,13
104,63,11
104,64,9
104,67,1
104,69,2
104,70,10
104,71,13
104,72,11
104,74,1
104,75,3
104,77,7
104,78,7
104,79,12
104,80,9
104,81,10
104,82,2
104,83,2
104,84,1
104,85,6
104,86,4
104,87,8
104,88,9
104,89,3
104,90,1
104,91,2
104,94,2
104,95,3
104,96,4
104,100,1
104,101,1
104,102,6
104,103,4
104,108,1
104,109,1
104,110,7
104,111,8
104,112,6
104,116,1
104,117,1
104,118,7
104,119,9
104,120,5
104,121,1
108,18,1
108,55,1
108,58,1
108,59,1
108,60,1
108,61,1
108,62,1
108,63,1
108,70,1
108,76,1
108,78,1
108,81,1
108,84,1
108,85,1
108,86,1
108,91,1
108,93,1
108,94,1
108,95,1
108,99,1
108,100,1
108,109,1
109,11,1
109,15,1
109,19,2
109,20,1
109,55,1
109,57,1
109,58,2
109,59,1
109,60,2
109,61,1
109,62,1
109,63,3
109,64,1
109,66,1
109,69,1
109,70,2
109,71,3
109,72,2
109,74,1
109,75,2
109,77,1
109,78,3
109,79,1
109,80,2
109,81,3
109,82,1
109,83,1
109,85,1
109,86,1
109,87,3
109,88,2
109,89,1
109,90,1
109,95,2
109,101,1
109,102,3
109,104,1
109,110,3
109,111,2
109,117,2
109,118,2
109,119,2
109,120,1
110,11,4
110,12,1
110,13,8
110,14,5
110,15,6
110,16,4
110,17,1
110,18,11
110,19,7
110,20,7
110,39,2
110,45,2
110,55,12
110,56,8
110,57,33
110,58,19
110,59,27
110,60,21
110,61,18
110,62,27
110,63,22
110,64,14
110,66,2
110,69,8
110,70,29
110,71,25
110,72,21
110,74,2
110,75,2
110,76,1
110,77,13
110,78,21
110,79,22
110,80,17
110,81,15
110,82,3
110,83,2
110,84,2
110,85,11
110,86,6
110,87,21
110,88,21
110,89,10
110,90,2
110,92,5
110,93,2
110,94,3
110,95,8
110,96,7
110,100,1
110,101,1
110,102,14
110,103,4
110,104,7
110,109,2
110,111,28
110,112,6
110,113,1
110,117,3
110,118,40
110,119,30
110,120,8
110,121,1
110,124,1
111,11,4
111,12,2
111,13,8
111,14,6
111,15,11
111,16,4
111,18,13
111,19,12
111,20,10
111,31,1
111,34,1
111,39,1
111,40,1
111,41,1
111,45,2
111,55,15
111,56,8
111,57,22
111,58,25
111,59,36
111,60,25
111,61,20
111,62,27
111,63,31
111,64,18
111,66,1
111,67,1
111,69,7
111,70,33
111,71,35
111,72,24
111,74,2
111,75,3
111,76,2
111,77,21
111,78,27
111,79,25
111,80,21
111,81,18
111,82,6
111,83,2
111,84,2
111,85,17
111,86,10
111,87,27
111,88,23
111,89,14
111,90,1
111,91,1
111,92,2
111,93,1
111,94,5
111,95,15
111,96,13
111,99,2
111,100,2
111,101,1
111,102,15
111,103,6
111,104,6
111,109,3
111,110,26
111,112,5
111,113,2
111,114,1
111,117,5
111,118,29
111,119,34
111,120,8
111,124,1
112,11,2
112,12,1
112,13,3
112,14,9
112,15,6
112,16,2
112,18,5
112,19,8
112,20,5
112,22,1
112,23,1
112,40,1
112,41,1
112,55,8
112,56,3
112,57,8
112,58,14
112,59,14
112,60,11
112,61,14
112,62,12
112,63,12
112,64,10
112,66,1
112,67,1
112,69,5
112,70,13
112,71,11
112,72,13
112,77,8
112,78,12
112,79,14
112,80,11
112,81,9
112,82,2
112,84,1
112,85,5
112,86,5
112,87,10
112,88,8
112,89,6
112,91,2
112,92,1
112,94,1
112,95,4
112,96,3
112,101,1
112,102,6
112,103,4
112,104,10
112,110,8
112,111,12
112,113,1
112,116,1
112,118,12
112,119,9
112,120,9
112,121,1
112,124,1
113,13,1
113,14,1
113,17,1
113,18,3
113,45,1
113,55,1
113,56,2
113,57,3
113,58,4
113,59,3
113,60,1
113,61,3
113,62,3
113,63,4
113,69,1
113,70,3
113,71,2
113,76,1
113,78,2
113,79,2
113,80,1
113,81,1
113,82,1
113,87,2
113,88,2
113,95,1
113,102,2
113,110,3
113,111,3
113,112,1
113,118,3
113,119,2
114,13,1
114,14,1
114,18,1
114,57,1
114,59,2
114,60,3
114,63,1
114,64,1
114,70,1
114,71,2
114,72,2
114,75,1
114,77,1
114,78,2
114,79,2
114,81,1
114,86,1
114,87,1
114,89,1
114,95,1
114,96,2
114,101,1
114,112,1
114,116,1
114,118,2
114,120,1
116,13,1
116,14,2
116,19,2
116,58,4
116,59,2
116,60,1
116,61,1
116,62,1
116,63,4
116,64,2
116,70,3
116,71,2
116,72,1
116,77,1
116,78,1
116,79,2
116,80,1
116,81,3
116,83,4
116,87,1
116,89,1
116,91,1
116,92,7
116,96,1
116,123,1
116,124,3
117,11,1
117,15,1
117,18,1
117,19,1
117,20,1
117,39,1
117,55,2
117,56,1
117,57,2
117,58,2
117,59,3
117,60,2
117,61,1
117,62,3
117,63,2
117,64,2
117,66,1
117,69,1
117,70,1
117,71,2
117,72,1
117,74,1
117,75,2
117,77,1
117,78,2
117,80,2
117,81,2
117,82,2
117,83,1
117,85,1
117,86,2
117,87,2
117,88,1
117,89,1
117,90,1
117,93,1
117,94,1
117,95,2
117,96,1
117,102,2
117,103,1
117,104,1
117,109,2
117,110,3
117,111,3
117,118,2
117,119,2
117,120,1
118,11,4
118,12,3
118,13,8
118,14,11
118,15,12
118,16,7
118,17,1
118,18,15
118,19,11
118,20,10
118,22,1
118,23,1
118,39,2
118,40,2
118,45,5
118,55,12
118,56,13
118,57,48
118,58,35
118,59,44
118,60,27
118,61,28
118,62,41
118,63,38
118,64,24
118,66,2
118,69,10
118,70,54
118,71,32
118,72,25
118,74,3
118,75,2
118,76,2
118,77,27
118,78,38
118,79,32
118,80,24
118,81,26
118,82,4
118,83,1
118,84,2
118,85,22
118,86,11
118,87,31
118,88,30
118,89,16
118,90,2
118,91,2
118,92,4
118,93,2
118,94,7
118,95,23
118,96,19
118,99,1
118,100,1
118,101,3
118,102,18
118,103,6
118,104,10
118,109,3
118,110,52
118,111,42
118,112,9
118,113,2
118,114,2
118,117,4
118,119,40
118,120,7
118,121,2
118,124,2
119,11,3
119,12,3
119,13,12
119,14,9
119,15,11
119,16,7
119,17,2
119,18,10
119,19,15
119,20,10
119,22,1
119,23,1
119,37,1
119,39,5
119,40,1
119,48,1
119,55,11
119,56,8
119,57,32
119,58,28
119,59,33
119,60,26
119,61,21
119,62,30
119,63,31
119,64,24
119,66,1
119,69,6
119,70,37
119,71,31
119,72,26
119,74,3
119,75,2
119,76,2
119,77,21
119,78,32
119,79,25
119,80,24
119,81,16
119,82,7
119,83,1
119,84,4
119,85,19
119,86,12
119,87,23
119,88,21
119,89,9
119,90,3
119,92,3
119,93,2
119,94,5
119,95,16
119,96,10
119,99,1
119,100,1
119,101,1
119,102,11
119,103,2
119,104,7
119,109,2
119,110,25
119,111,30
119,112,4
119,114,1
119,117,3
119,118,31
119,120,6
119,121,1
119,124,1
120,11,3
120,13,2
120,14,2
120,15,3
120,16,2
120,18,3
120,19,1
120,20,6
120,22,1
120,23,1
120,40,1
120,48,1
120,55,5
120,56,3
120,57,7
120,58,9
120,59,10
120,60,7
120,61,5
120,62,8
120,63,9
120,64,7
120,69,1
120,70,7
120,71,8
120,72,6
120,75,1
120,77,4
120,78,8
120,79,8
120,80,8
120,81,6
120,82,3
120,85,6
120,86,3
120,87,9
120,88,7
120,89,6
120,90,1
120,91,2
120,92,1
120,93,1
120,94,2
120,95,5
120,96,3
120,101,1
120,102,4
120,103,2
120,104,4
120,109,2
120,110,9
120,111,7
120,112,8
120,114,1
120,117,1
120,118,10
120,119,6
121,15,1
121,18,1
121,55,1
121,57,1
121,61,1
121,62,1
121,63,1
121,80,1
121,87,1
121,88,2
121,102,2
121,103,1
121,111,1
121,118,1
121,119,1
123,92,1
124,11,2
124,12,1
124,14,1
124,15,1
124,16,1
124,19,1
124,20,1
124,36,1
124,40,1
124,41,1
124,45,1
124,48,1
124,55,1
124,57,1
124,58,2
124,59,3
124,60,1
124,61,2
124,62,2
124,63,2
124,64,2
124,67,1
124,69,1
124,70,3
124,71,3
124,72,2
124,75,1
124,77,2
124,78,1
124,79,2
124,80,1
124,81,3
124,83,3
124,84,1
124,85,1
124,86,1
124,87,1
124,88,1
124,89,1
124,91,1
124,92,3
124,96,1
124,102,1
124,103,1
124,104,1
124,108,1
124,109,1
124,110,1
124,111,2
124,112,1
124,116,3
124,118,2
124,119,2
124,121,1
